<Skin name="VirtualDJ7 (2 Decks)" version="7" width="1920" height="1080">
<copyright>- (c)2012 - Atomix Productions -</copyright>

***********************************************************
  Top Part (close open config etc) 
************************************************************
<grabzone>
	<size width="1536" height="35"/>
	<pos x="0" y="0"/>
</grabzone>

------VirtualDJ Logo ---
<logo os="pc">
  	<size width="96" height="24"/>
 	 <pos x="12" y="7"/>
</logo>
<logo os="mac">
  	<size width="96" height="24"/>
 	 <pos x="1811" y="7"/>
</logo>

-- Config button ---
<button os="pc" action="settings" visible="force">
	<size width="88" height="30"/>
	<pos x="1579" y="1"/>
	<over x="+0" y="+1080"/>	
	<selected x="+0" y="+1080"/>
	<down x="+0" y="+1080"/>
	<up x="1186" y="+1080"/>
</button>
<button os="mac" action="settings" visible="force">
	<size width="62" height="25"/>
	<pos x="160" y="5"/>
	<over x="+0" y="1248"/>	
	<selected x="+0" y="1248"/>
	<down x="+0" y="1247"/>
	<up x="+0" y="+1080"/>
</button>

<textzone>
	<pos x="1240" y="5"/>
	<size width="120" height="26"/>
	<text font="LCD" size="28" align="center" weight="bold" color="#d1d3d4" format="%fullhour"/>
	<text2 font="LCD" size="28" align="center" weight="bold" color="#d1d3d4" format="%hour12"/>
</textzone>
<visual type="linear" source="get cpu" orientation="horizontal">
	<size width="198" height="12"/>
	<pos x="443" y="12"/>
	<down x="+0" y="+1080"/>	
</visual>

 --- Minimize ---
 <button os="pc" action="minimize">
	<pos x="1765" y="1"/>
	<size width="46" height="31"/>
	<over x="+0" y="+1080"/>
	<down x="+0" y="+1080"/>
	<up x="1372" y="+1080"/>
</button>
 <button os="mac" action="minimize" visible="force">
	<pos x="41" y="4"/>
	<size width="28" height="28"/>
	<over x="+0" y="1248"/>
	<down x="+0" y="1248"/>
	<up x="+0" y="+1080" />
 </button>

--- Maximize ---
<button os="pc" action="maximize" rightclick="maximize off">
	<pos x="1809" y="1"/>
	<size width="42" height="31"/>
	<over x="1809" y="+1080"/>
	<down x="+0" y="+1080"/>
	<up x="1416" y="+1080"/>
</button>
<button os="mac" action="maximize" rightclick="maximize off" visible="force">
	<pos x="71" y="4"/>
	<size width="28" height="28"/>
	<over x="+0" y="1248"/>
	<down x="+0" y="1248"/>
	<up x="+0" y="+1080" />
</button>

--- Close ---
<button os="pc" action="close">
	<pos x="1850" y="1"/>
	<size width="64" height="31"/>
	<over x="+0" y="+1080"/>
	<down x="+0" y="+1080"/>
	<up x="1457" y="+1080"/>
</button>
<button os="mac" action="close" visible="force">
	<pos x="12" y="4"/>
	<size width="28" height="28"/>
	<over x="+0" y="1248"/>
	<down x="+0" y="1248"/>
	<up x="+0" y="+1080" />
</button>


BEATKEEPER
------------------------------------------------------------

<button action="deck 1 goto_bar 1">
	<size width="36" height="12"/>
	<pos x="884" y="6"/>
	<selected x="+0" y="+1080"/>
</button>
<button action="deck 1 goto_bar 2">
	<size width="36" height="12"/>
	<pos x="925" y="6"/>
	<selected x="+0" y="+1080"/>
</button>
<button action="deck 1 goto_bar 3">
	<size width="36" height="12"/>
	<pos x="966" y="6"/>
	<selected x="+0" y="+1080"/>
</button>
<button action="deck 1 goto_bar 4">
	<size width="36" height="12"/>
	<pos x="1007" y="6"/>
	<selected x="+0" y="+1080"/>
</button>

<button action="deck 2 goto_bar 1">
	<size width="36" height="12"/>
	<pos x="884" y="22"/>
	<selected x="+0" y="+1080"/>
</button>
<button action="deck 2 goto_bar 2">
	<size width="36" height="12"/>
	<pos x="925" y="22"/>
	<selected x="+0" y="+1080"/>
</button>
<button action="deck 2 goto_bar 3">
	<size width="36" height="12"/>
	<pos x="966" y="22"/>
	<selected x="+0" y="+1080"/>
</button>
<button action="deck 2 goto_bar 4">
	<size width="36" height="12"/>
	<pos x="1007" y="22"/>
	<selected x="+0" y="+1080"/>
</button>



Active deck A & B
------------------------------------------------------------

<button action="deck 1 select">
 	 <size width="26" height="20"/>
 	 <pos x="851" y="10"/>
  	<up x="+0" y="+0"/>
  	<selected x="+0" y="+1080" />
</button>
<button action="deck 2 select">
  	 <size width="26" height="20"/>
 	 <pos x="1052" y="10"/>
  	<up x="+0" y="+0"/>
  	<selected x="+0" y="+1080" />
</button> 


<button action="deck 1 songpos_remain 30000ms ? on blinkfast & deck 1 select : deck 1 select ">
	 <size width="26" height="20"/>
 	 <pos x="851" y="10"/>
  	<up x="+0" y="+0"/>
  	<selected x="+0" y="+1080" />
</button> 
<button action="deck 2 songpos_remain 30000ms ? on blinkfast & deck 2 select : deck 2 select ">
 	 <size width="26" height="20"/>
 	 <pos x="1052" y="10"/>
  	<up x="+0" y="+0"/>
  	<selected x="+0" y="+1080" />
</button> 

************************************************************
  BROWSER
************************************************************


	<browser >
		<size width="1888" height="408" />
		<pos x="16" y="656"></pos>
		<up x="+0" y="+0"/>
		<text font="verdana" size="20"  color="#ffffff" selected="#678930" stripes="#171717"/>
		<options font="verdana" size="18" color="#000000" over="#000000"/>
		<widgets font="verdana" size="18" color="#ffffff"
			facecolor="#2E2E2E"
			lightcolor="#2E2E2E" 
			shadowcolor="#2E2E2E" 
			darkshadowcolor="transparent" 
			highlightcolor="transparent" 
			trackcolor1="transparent" 
			trackcolor2="transparent" />
	</browser>

<tooltip font="verdana" size="16" color="#FFFFFF" back="#000000" shortcut="#808080" />
--- Browser ---
<button action="page 'browser'">
	<pos x="649" y="632"/>
	<size width="146" height="24"/>
	<selected x="+0" y="+1080"/>
	<over x="+0" y="+1680"/>
</button>

--- Sampler ---
<button action="page 'sampler'">
	<pos x="811" y="632"/>
	<size width="146" height="24"/>
	<selected x="+0" y="+1080"/>
	<over x="+0" y="+1680"/>
</button>

--- Effects ---
<button action="page 'effects'">
	<pos x="971" y="632"/>
	<size width="146" height="24"/>
	<selected x="+0" y="+1080"/>
	<over x="+0" y="+1680"/>
</button>

--- Recording ---
<button action="page 'record'">
	<pos x="1132" y="632"/>
	<size width="146" height="24"/>
	<selected x="+0" y="+1080"/>
	<over x="+0" y="+1680"/>
</button>

************************************************************
  STATUSBAR
************************************************************
<textzone>
	<pos x="1382" y="631"/>
	<size width="520" height="24"/>
	<text font="verdana" size="16" align="right" color="#d1d3d4" format="%status"/>
</textzone>


************************************************************
  RHYTHM WAVE
************************************************************
<rhythmzone>
	<size width="1787" height="106"/>
	<pos x="67" y="40"/>
	<mask x="+0" y="+1080"/>
	<up x="+0" y="+0"/>
	<colors
		 chan1_active="#28acff"  chan1="#007ca9"
 		chan2_active="#ed1c24"	 chan2="#7d0607"	
	/>
	<rhythm y="40" height="88"/>
  	<grid height="6" width="6" mainwidth="14">
    		<pos y1="130" y2="137"/>
  	</grid>
	<cue y="40" height="22">
		<mask x="1304" y="3652" width="19" height="22"/>
		<text dx="17" dy="0" font="arial" size="16"/>
	</cue>
</rhythmzone>

---- ZOOM BUTTONS ------
<button action="zoom 'far'" rightclick="temporary">
	<pos x="1862" y="59"/>
	<size width="28" height="23"/>
	<selected x="+0" y="+1080"/>
	<over x="+0" y="+1680"/>
	<down x="+0" y="+1080"/>
</button>

<button action="zoom 'default'" rightclick="temporary">
	<pos x="1862" y="83"/>
	<size width="28" height="23"/>
	<selected x="+0" y="+1080"/>
	<over x="+0" y="+1680"/>
	<down x="+0" y="+1080"/>
</button>

<button action="zoom 'near'" rightclick="temporary">
	<pos x="1862" y="107"/>
	<size width="28" height="23"/>
	<selected x="+0" y="+1080"/>
	<over x="+0" y="+1680"/>
	<down x="+0" y="+1080"/>
</button>

ZOOM SLIDER
---------------------------
<slider action="zoom" orientation="vertical" dblclick="reset" rightclick="temporary" direction="down">
	<size width="14" height="68"/>
	<pos x="35" y="58"/>
	<fader>
		<size width="7" height="11"/>
		<pos x="905" y="1123"/>
	</fader>
</slider>


************************************************************
  DROPZONES
************************************************************
<dropzone chan="1">
	<size width="758" height="466"></size>
	<pos x="14" y="155"></pos>
</dropzone>
<dropzone chan="2">
	<size width="758" height="466"></size>
	<pos x="1150" y="155"></pos>
</dropzone>




************************************************************
  DECK A
************************************************************
SONG POSITION 
--------------------------------------------------------------------
<songpos deck="1" orientation="horizontal" waveform="yes">
	<size width="755" height="36"/>
	<pos x="18" y="270"/>
	<up x="18" y="+0"/>
	<down x="18" y="2365"/>
	<volume x="18" y="2408"/>
	<selected x="18" y="2449"/>
	<volumeselected x="18" y="2492"/>
	<upselected x="18" y="2536"/>
	<cues>
		  <size width="10" height="36"/>
	 	 <up x="18" y="2584"/>
	 	 <clipmask x="1354" y="3652" width="10" height="36" />
	 	 <over x="1157" y="2584"/>
	 	 <down x="1157" y="2584"/>
	</cues>
</songpos>

Author / Title Textzone
--------------------------------------------------------------------

  <textzone deck="1">
  	 <size width="571" height="26" geterrormessage="true"/>
  	 <pos x="23" y="160"/>
  	 <text font="ARIAL GREEK" size="28" color="#FFFFFF" weight="bold" format="%Author" scroll="no"/>
	   <text2 font="ARIAL GREEK" size="28" color="#FFFFFF" weight="bold" format="%Author" scroll="yes"/>
  	 <text3 font="ARIAL GREEK" size="28" color="#28acff" weight="bold" format="%Author" scroll="no"/>
 	  <text4 font="ARIAL GREEK" size="28" color="#28acff" weight="bold" format="%Author" scroll="yes"/>
  </textzone>
  <textzone deck="1">
   <size width="571" height="32" geterrormessage="true"/>
	   <pos x="23" y="188"/>
  	 <text font="ARIAL GREEK" size="26" color="#d1d3d4" weight="bold" format="%Title" scroll="no"/>
  	 <text2 font="ARIAL GREEK" size="26" color="#d1d3d4" weight="bold" format="%Title" scroll="yes"/>
  	 <text3 font="ARIAL GREEK" size="26" color="#28acff" weight="bold" format="%Title" scroll="no"/>
 	  <text4 font="ARIAL GREEK" size="26" color="#28acff" weight="bold" format="%Title" scroll="yes"/>
  </textzone>
  
Spent / Remain / Gain / Key Textzone
-------------------------------------------------------------------- 
<textzone deck="1">
	<pos x="23" y="223"/>
	<size width="151" height="16"/>
	<text font="ARIAL GREEK" size="19" color="#908f8d" weight="bold" align="left" format="ELAPSED %Pspent"/>
	<text2 font="ARIAL GREEK" size="19" color="#FFFFFF" weight="bold" align="left" format="ELAPSED %Pspent"/>
	<text3 font="ARIAL GREEK" size="19" color="#28acff" weight="bold" align="left" format="ELAPSED %Pspent"/>
</textzone>
<textzone deck="1">
	<pos x="211" y="223"/>
	<size width="151" height="16"/>
	<text font="ARIAL GREEK" size="19" color="#908f8d"  weight="bold" align="left" format="REMAIN %Pleft"/>
	<text2 font="ARIAL GREEK" size="19" color="#FFFFFF" weight="bold" align="left" format="REMAIN %Pleft"/>
	<text3 font="ARIAL GREEK" size="19" color="#28acff" weight="bold" align="left" format="REMAIN %Pleft"/>
</textzone>
<textzone deck="1">
	<pos x="23" y="240"/>
	<size width="151" height="16"/>
	<text font="ARIAL GREEK" size="19" color="#908f8d" weight="bold" align="left" format="GAIN %PleveldB"/>
	<text2 font="ARIAL GREEK" size="19" color="#FFFFFF" weight="bold" align="left" format="GAIN %PleveldB"/>
	<text3 font="ARIAL GREEK" size="19" color="#28acff" weight="bold" align="left" format="GAIN %PleveldB"/>
</textzone>
<textzone deck="1">
	<pos x="211" y="240"/>
	<size width="74" height="16"/>
	<text font="ARIAL GREEK" size="19" color="#908f8d" weight="bold" align="left" format="KEY %Pkey"/>
	<text2 font="ARIAL GREEK" size="19" color="#FFFFFF" weight="bold" align="left" format="KEY %Pkey"/>
	<text3 font="ARIAL GREEK" size="19" color="#908f8d" weight="bold" align="left" format="KEY %Pcamelot"/>
	<text4 font="ARIAL GREEK" size="19" color="#FFFFFF" weight="bold" align="left" format="KEY %Pcamelot"/>
	<text5 font="ARIAL GREEK" size="19" color="#28acff" weight="bold" align="left" format="KEY %Pcamelot"/>
</textzone>
<textzone deck="1">
	<pos x="391" y="240"/>
	<size width="120" height="16"/>
	<text font="ARIAL GREEK" size="19" color="#908f8d" weight="bold" align="left" format="PITCH %Ppitch"/>
	<text2 font="ARIAL GREEK" size="19" color="#FFFFFF" weight="bold" align="left" format="PITCH %Ppitch"/>
	<text3 font="ARIAL GREEK" size="19" color="#28acff" weight="bold" align="left" format="PITCH %Ppitch"/>
</textzone>
  
BPM
--------------------------------------------------------------------
<button action="deck 1 beat_tap" rightclick="deck 1 edit_bpm">
	<pos x="718" y="174"/>
	<size width="46" height="23"/>
	<up x="+0" y="+0"/>
	<down x="+0" y="+1079"/>
	<over x="+0" y="+1080"/>
</button>
<textzone deck="1">
	<pos x="614" y="166"/>
	<size width="91" height="26"/>
	<text font="ARIAL GREEK" size="31" color="#FFFFFF" align="center" weight="bold" format="%Pbpmex"/>
	<text2 font="ARIAL GREEK" size="31" color="#28acff" align="center" weight="bold" format="%Pbpmex"/>
	<text3 font="ARIAL GREEK" size="31" color="#908f8d" align="center" weight="bold" format="%Pbpmex"/>
</textzone>

Play_Stutter Deck A
------------------------------------------------------------
<button action="deck 1 play_button" rightclick=" deck 1 reverse while_pressed">
	<pos x="570" y="571"/>
	<size width="59" height="36"/>
	<selected x="+0" y="+1080"/>
	<over x="+0" y="+1680"/>
	<down x="+0" y="+1079"/>
</button>
--- Smart Play ---

<button action="deck 1 smart_play">
	<pos x="606" y="547"/>
	<size width="16" height="17"/>
	<selected x="+0" y="+1080"/>
	<over x="+0" y="+1680"/>
	<down x="+0" y="+1080"/>
</button>			

Pause_Stop Deck A
--------------------------------------------------------------------
<button action="deck 1 pause_stop" rightclick="holding 500ms ?  deck 1 unload :  deck 1 goto_first_beat">
	<pos x="511" y="571"/>
	<size width="59" height="36"/>
	<selected x="+0" y="+1080"/>
	<over x="+0" y="+1680"/>
	<down x="+0" y="+1079"/>
</button>

Cue Deck A
-------------------------------------------------------------------
<button action="deck 1 cue_stop" rightclick="deck 1 set_cue">
	<pos x="454" y="571"/>
	<size width="58" height="36"/>
	<selected x="+0" y="+1080"/>
	<over x="+0" y="+1680"/>
	<down x="+0" y="+1079"/>
</button>

Sync Deck A
-------------------------------------------------------------------
<button action="deck 1 sync" rightclick="deck 1 sync while_pressed">
	<pos x="629" y="571"/>
	<size width="58" height="36"/>
	<over x="+0" y="+1680"/>
	<down x="+0" y="+1079"/>
</button>

HotCue Deck A
-------------------------------------------------------------------
<button action="deck 1 smart_cue">
	<pos x="596" y="235"/>
	<size width="16" height="17"/>
	<selected x="+0" y="+1080"/>
	<over x="+0" y="+1680"/>
	<down x="+0" y="+1080"/>
</button>
<button action="deck 1 hot_cue 1" rightclick="deck 1 set_cue 1" >
	<pos x="620" y="229"/>
	<size width="47" height="30"/>
	<selected x="+0" y="+1080"/>
	<over x="+0" y="+1680"/>
	<down x="+0" y="+1079"/>
</button>
<button action="deck 1 hot_cue 2" rightclick="deck 1 set_cue 2" >
	<pos x="666" y="229"/>
	<size width="48" height="30"/>
	<selected x="+0" y="+1080"/>
	<over x="+0" y="+1680"/>
	<down x="+0" y="+1079"/>
</button>
<button action="deck 1 hot_cue 3" rightclick="deck 1 set_cue 3" >
	<pos x="714" y="229"/>
	<size width="47" height="30"/>
	<selected x="+0" y="+1080"/>
	<over x="+0" y="+1680"/>
	<down x="+0" y="+1079"/>
</button>



Pitch Deck A
-------------------------------------------------------------------
<slider action="deck 1 pitch" orientation="vertical" direction="down" dblclick="deck 1 pitch 100%" rightclick="temporary" >
	<size width="37" height="192"/>
	<pos x="710" y="364"/>
	<fader>
		<size width="37" height="14"/>
		<pos x="114" y="3558"/>
	</fader>
	<reset value="50"/>
</slider>
<button action="deck 1 pitch_bend -5% 500ms" rightclick="deck 1 pitch_bend -5% 500ms">
	<pos x="697" y="583"/>
 	 <size width="32" height="25"/>
  	<over x="+0" y="+1680"/>
 	 <down x="+0" y="+1080"/>
</button>
<button action="deck 1 pitch_bend +5% 500ms" rightclick="deck 1 pitch_bend +5% 500ms">
	<pos x="731" y="583"/>
 	 <size width="32" height="25"/>
  	<over x="+0" y="+1680"/>
 	 <down x="+0" y="+1080"/>
</button>
--- Pitch Reset ---
<button action="deck 1 pitch_reset" dblclick="deck 1 pitch 100%" rightclick="deck 1 pitch 100%">
	<pos x="751" y="450"/>
	<size width="19" height="18"/>
	<selected x="+0" y="+1080"/>
	<over x="+0" y="+1680"/>
	<down x="+0" y="+1080"/>
</button>
--- Pitch Lock ---
<button action="pitchlock" dblclick="reset" rightclick="reset">
	<pos x="682" y="446"/>
	<size width="16" height="18"/>
	<selected x="+0" y="+1080"/>
	<over x="+0" y="+1680"/>
	<down x="+0" y="+1080"/>
</button>
--- Key Lock ---
<button action="deck 1 key_lock">
	<pos x="752" y="319"/>
	<size width="16" height="18"/>
	<selected x="+0" y="+1080"/>
	<over x="+0" y="+1680"/>
	<down x="+0" y="+1080"/>
</button>
--- Pitch Range ---
<textzone>
	<size width="42" height="17"/>
	<pos x="706" y="338"/>
	<text font="ARIAL GREEK" size="16" color="#999999" weight="bold" align="center" format="%pitchrange%%"/>
</textzone>
<button action="pitch_range" value="-1" rightclick="-2">
	<pos x="706" y="338"/>
	<size width="37" height="17"/>
</button>


Loop In Out Deck A
-------------------------------------------------------------------
<button action="deck 1 loop_in" rightclick="deck 1 reloop">
	<pos x="173" y="569"/>
	<size width="59" height="36"/>
	<over x="+0" y="+1680"/>
	<selected x="+0" y="+1080"/>
	<down x="+0" y="+1079"/>
</button>
<button action="deck 1 loop_out" rightclick="deck 1 loop_half">
	<pos x="233" y="569"/>
	<size width="59" height="36"/>
	<over x="+0" y="+1680"/>
	<selected x="+0" y="+1080"/>
	<down x="+0" y="+1079"/>
</button>
--- Loop 50% ---
<button action="deck 1 loop_half" >
	<pos x="92" y="520"/>
	<size width="32" height="25"/>
	<down x="+0" y="+1080"/>
	<over x="+0" y="+1680"/>
</button>
--- Loop 200% ---
<button action="deck 1 loop_double">
	<pos x="326" y="520"/>
	<size width="32" height="25"/>
	<down x="+0" y="+1080"/>
	<over x="+0" y="+1680"/>
</button>
--- Smart Loop ---
<button action="deck 1 smart_loop">
	<pos x="313" y="575"/>
	<size width="16" height="18"/>
	<selected x="+0" y="+1080"/>
	<over x="+0" y="+1680"/>
	<down x="+0" y="+1080"/>
</button>
--- Loop Shift ---
<slider action="deck 1 loop_move" relative="yes" orientation="round">
	<pos x="118" y="568"/>
	<size width="34" height="34"/>
	<clipmask x="1164" y="3648"/>
	<up x="1111" y="3696" />
	<fader>
		<size width="34" height="34"/>
		<mask x="1207" y="3648" />
		<pos x="1111" y="3648" />
	</fader>
</slider>

--- Quick Loop --- 
<button action="deck 1 loop 1" rightclick="temporary">
	<pos x="130" y="520"/>
	<size width="30" height="25"/>
	<selected x="+0" y="+1080"/>
	<over x="+0" y="+1680"/>
	<down x="+0" y="+1080"/>
</button>
<button action="deck 1 loop 2" rightclick="temporary">
	<pos x="162" y="520"/>
	<size width="30" height="25"/>
	<selected x="+0" y="+1080"/>
	<over x="+0" y="+1680"/>
	<down x="+0" y="+1080"/>
</button>
<button action="deck 1 loop 4" rightclick="temporary">
	<pos x="194" y="520"/>
	<size width="30" height="25"/>
	<selected x="+0" y="+1080"/>
	<over x="+0" y="+1680"/>
	<down x="+0" y="+1080"/>
</button>
<button action="deck 1 loop 8" rightclick="temporary">
	<pos x="227" y="520"/>
	<size width="30" height="25"/>
	<selected x="+0" y="+1080"/>
	<over x="+0" y="+1680"/>
	<down x="+0" y="+1080"/>
</button>
<button action="deck 1 loop 16" rightclick="temporary">
	<pos x="259" y="520"/>
	<size width="30" height="25"/>
	<selected x="+0" y="+1080"/>
	<over x="+0" y="+1680"/>
	<down x="+0" y="+1080"/>
</button>
<button action="deck 1 loop 32" rightclick="temporary">
	<pos x="292" y="520"/>
	<size width="30" height="25"/>
	<selected x="+0" y="+1080"/>
	<over x="+0" y="+1680"/>
	<down x="+0" y="+1080"/>
</button>


SAMPLER DECK A 
--------------------------------------------------------------------
<button action="deck 1 sampler play_stop" rightclick="temporary">
	<pos x="258" y="365"/>
	<size width="124" height="28"/>
	<selected x="+0" y="+1080"/>
	<over x="+0" y="+1680"/>
	<up x="+0" y="+0"/>
	<down x="+0" y="+1080"/>
	<text dx="5" dy="4" width="91" font="ARIAL GREEK" size="18" color="#ffffff" align="center" format="%mainsample" scroll="yes"/>
</button>	
--- Sampler dropdown ---
<button action="deck 1 sampler select" rightclick="sampler options">
	<pos x="356" y="365"/>
	<size width="25" height="28"/>
</button>
--- Sampler visual indicator ---
<visual chan="1" type="linear" source="deck 1 sampler position" orientation="horizontal">
	<pos x="262" y="402"/>
	<size width="118" height="8"/>
	<down x="+0" y="+1080"/>
</visual>
--- Sampler Volume ---
<slider action="deck 1 sampler volume" orientation="round" dblclick="reset" rightclick="temporary">
	<pos x="391" y="362"/>
	<size width="37" height="37"/>
	<clipmask x="1163" y="3647"/>
	<fader>
		<pos x="12" y="3647" nb="29" smooth="true"/>
	</fader>
</slider>
--- Sampler half double ---
<button action="deck 1 sampler loop 50%" rightclick="sampler loop on">
	<pos x="281" y="416"/>
 	 <size width="32" height="26"/>
  	<over x="+0" y="+1680"/>
  	<down x="+0" y="+1079"/>
</button>
<button action="deck 1 sampler loop 200%" rightclick="sampler loop on">
	<pos x="320" y="416"/>
 	 <size width="32" height="26"/>
  	<over x="+0" y="+1680"/>
  	<down x="+0" y="+1079"/>
</button>
--- Sampler record ---
<button action="deck 1 sampler rec">
	<pos x="394" y="415"/>
	<size width="34" height="29"/>
	<selected x="+0" y="+1080"/>
	<over x="+0" y="+1680"/>
	<down x="+0" y="+1079"/>
</button>


EFFECTS DECK A 
--------------------------------------------------------------------

<button action="deck 1 effect active" rightclick="temporary">
	<pos x="25" y="365"/>
	<size width="124" height="28"/>
	<selected x="+0" y="+1080"/>
	<over x="+0" y="+1680"/>
	<up x="+0" y="+0"/>
	<down x="+0" y="+1080"/>
	<text dx="5" dy="5" width="91" font="ARIAL GREEK" size="18" color="#ffffff" align="center" format="%maineffect" scroll="yes"/>
</button>
		
--- Effect dropdown ---
<button action="deck 1 effect select">
	<pos x="122" y="365"/>
	<size width="28" height="28"/>
</button>

--- Effect params ---
<slider action="deck 1 effect slider 1" orientation="round">
	<pos x="158" y="362"/>
	<size width="37" height="37"/>
	<clipmask x="1163" y="3647"/>
	<fader>
		<pos x="12" y="3647" nb="29" smooth="true"/>
	</fader>
</slider>
<slider action="deck 1 effect slider 2" orientation="round">
	<pos x="198" y="362"/>
	<size width="37" height="37"/>
	<clipmask x="1163" y="3647"/>
	<fader>
		<pos x="12" y="3647" nb="29" smooth="true"/>
	</fader>
</slider>

--- Filter ---
<slider action="deck 1 filter" dblclick="deck 1 filter 50%" orientation="round">
	<pos x="89" y="421"/>
	<size width="37" height="37"/>
	<clipmask x="1163" y="3647"/>
	<fader>
		<pos x="12" y="3647" nb="29" smooth="true"/>
	</fader>
</slider>

--- Key ---
<slider action="deck 1 key" dblclick="deck 1 key 0" orientation="round" rightclick="deck 1 match_key">
	<pos x="179" y="421"/>
	<size width="37" height="37"/>
	<clipmask x="1163" y="3647"/>
	<fader>
		<pos x="12" y="3647" nb="29" smooth="true"/>
	</fader>
</slider>


************************************************************
  DECK B
************************************************************
SONG POSITION 
--------------------------------------------------------------------
<songpos deck="2" orientation="horizontal" waveform="yes">
	<size width="755" height="36"/>
	<pos x="1152" y="270"/>
	<up x="1152" y="+0"/>
	<down x="1152" y="2365"/>
	<volume x="1152" y="2408"/>
	<selected x="1152" y="2449"/>
	<volumeselected x="1152" y="2492"/>
	<upselected x="1152" y="2536"/>
	<cues>
		  <size width="10" height="36"/>
	 	 <up x="18" y="2584"/>
	 	 <clipmask x="1354" y="3652" width="10" height="36" />
	 	 <over x="1157" y="2584"/>
	 	 <down x="1157" y="2584"/>
	</cues>
</songpos>

Author / Title Textzone
--------------------------------------------------------------------

  <textzone deck="2">
  	 <size width="571" height="26" geterrormessage="true"/>
  	 <pos x="1160" y="160"/>
  	 <text font="ARIAL GREEK" size="28" color="#FFFFFF" weight="bold" format="%Author" scroll="no"/>
  	 <text2 font="ARIAL GREEK" size="28" color="#FFFFFF" weight="bold" format="%Author" scroll="yes"/>
  	 <text3 font="ARIAL GREEK" size="28" color="#ed1c24" weight="bold" format="%Author" scroll="no"/>
  	 <text4 font="ARIAL GREEK" size="28" color="#ed1c24" weight="bold" format="%Author" scroll="yes"/>
  </textzone>
  <textzone deck="2">
  	 <size width="571" height="32" geterrormessage="true"/>
   	<pos x="1160" y="188"/>
  	 <text font="ARIAL GREEK" size="26" color="#d1d3d4" weight="bold" format="%Title" scroll="no"/>
  	 <text2 font="ARIAL GREEK" size="26" color="#d1d3d4" weight="bold" format="%Title" scroll="yes"/>
  	 <text3 font="ARIAL GREEK" size="26" color="#ed1c24" weight="bold" format="%Title" scroll="no"/>
  	 <text4 font="ARIAL GREEK" size="26" color="#ed1c24" weight="bold" format="%Title" scroll="yes"/>
  </textzone>
  
  
Spent / Remain / Gain / Key Textzone
-------------------------------------------------------------------- 
<textzone deck="2">
	<pos x="1160" y="223"/>
	<size width="151" height="16"/>
	<text font="ARIAL GREEK" size="19" color="#908f8d" weight="bold" align="left" format="ELAPSED %Pspent"/>
	<text2 font="ARIAL GREEK" size="19" color="#FFFFFF" weight="bold" align="left" format="ELAPSED %Pspent"/>
	<text3 font="ARIAL GREEK" size="19" color="#ed1c24" weight="bold" align="left" format="ELAPSED %Pspent"/>
</textzone>
<textzone deck="2">
	<pos x="1318" y="223"/>
	<size width="151" height="16"/>
	<text font="ARIAL GREEK" size="19" color="#908f8d" weight="bold" align="left" format="REMAIN %Pleft"/>
	<text2 font="ARIAL GREEK" size="19" color="#FFFFFF" weight="bold" align="left" format="REMAIN %Pleft"/>
	<text3 font="ARIAL GREEK" size="19" color="#ed1c24" weight="bold" align="left" format="REMAIN %Pleft"/>
</textzone>
<textzone deck="2">
	<pos x="1160" y="240"/>
	<size width="151" height="16"/>
	<text font="ARIAL GREEK" size="19" color="#908f8d" weight="bold" align="left" format="GAIN %PleveldB"/>
	<text2 font="ARIAL GREEK" size="19" color="#FFFFFF" weight="bold" align="left" format="GAIN %PleveldB"/>
	<text3 font="ARIAL GREEK" size="19" color="#ed1c24" weight="bold" align="left" format="GAIN %PleveldB"/>
</textzone>
<textzone deck="2">
	<pos x="1318" y="240"/>
	<size width="74" height="16"/>
	<text font="ARIAL GREEK" size="19" color="#908f8d" weight="bold" align="left" format="KEY %Pkey"/>
	<text2 font="ARIAL GREEK" size="19" color="#FFFFFF" weight="bold" align="left" format="KEY %Pkey"/>
	<text3 font="ARIAL GREEK" size="19" color="#908f8d" weight="bold" align="left" format="KEY %Pcamelot"/>
	<text4 font="ARIAL GREEK" size="19" color="#FFFFFF" weight="bold" align="left" format="KEY %Pcamelot"/>
	<text5 font="ARIAL GREEK" size="19" color="#ed1c24" weight="bold" align="left" format="KEY %Pcamelot"/>
</textzone>  
<textzone deck="2">
	<pos x="1498" y="240"/>
	<size width="120" height="16"/>
	<text font="ARIAL GREEK" size="19" color="#908f8d" weight="bold" align="left" format="PITCH %Ppitch"/>
	<text2 font="ARIAL GREEK" size="19" color="#FFFFFF" weight="bold" align="left" format="PITCH %Ppitch"/>
	<text3 font="ARIAL GREEK" size="19" color="#ed1c24" weight="bold" align="left" format="PITCH %Ppitch"/>
</textzone>

BPM
--------------------------------------------------------------------
<button action="deck 2 beat_tap" rightclick="deck 2 edit_bpm">
	<pos x="1852" y="174"/>
	<size width="46" height="23"/>
	<up x="+0" y="+0"/>
	<over x="+0" y="+1080"/>
	<down x="+0" y="+1079"/>
</button>
<textzone deck="2">
	<pos x="1748" y="166"/>
	<size width="91" height="26"/>
	<text font="ARIAL GREEK" size="31" color="#FFFFFF" align="center" weight="bold" format="%Pbpmex"/>
	<text2 font="ARIAL GREEK" size="31" color="#ed1c24" align="center" weight="bold" format="%Pbpmex"/>
	<text3 font="ARIAL GREEK" size="31" color="#908f8d" align="center" weight="bold" format="%Pbpmex"/>
</textzone>

Play_Stutter Deck B
------------------------------------------------------------
<button action="deck 2 play_button" rightclick=" deck 2 reverse while_pressed">
	<pos x="1277" y="571"/>
	<size width="59" height="36"/>
	<selected x="+0" y="+1080"/>
	<over x="+0" y="+1680"/>
	<down x="+0" y="+1079"/>
</button>
--- Smart Play ---

<button action="deck 2 smart_play">
	<pos x="1314" y="547"/>
	<size width="16" height="17"/>
	<selected x="+0" y="+1080"/>
	<over x="+0" y="+1680"/>
	<down x="+0" y="+1080"/>
</button>			

Pause_Stop Deck B
--------------------------------------------------------------------
<button action="deck 2 pause_stop" rightclick="holding 500ms ?  deck 2 unload :  deck 2 goto_first_beat">
	<pos x="1219" y="571"/>
	<size width="59" height="36"/>
	<selected x="+0" y="+1080"/>
	<over x="+0" y="+1680"/>
	<down x="+0" y="+1079"/>
</button>

Cue Deck B
-------------------------------------------------------------------
<button action="deck 2 cue_stop" rightclick="deck 2 set_cue">
	<pos x="1160" y="571"/>
	<size width="58" height="36"/>
	<selected x="+0" y="+1080"/>
	<over x="+0" y="+1680"/>
	<down x="+0" y="+1079"/>
</button>

Sync Deck B
-------------------------------------------------------------------
<button action="deck 2 sync" rightclick="deck 2 sync while_pressed">
	<pos x="1336" y="571"/>
	<size width="58" height="36"/>
	<over x="+0" y="+1680"/>
	<down x="+0" y="+1079"/>
</button>

HotCue Deck B
-------------------------------------------------------------------
<button action="deck 2 smart_cue">
	<pos x="1730" y="235"/>
	<size width="16" height="17"/>
	<selected x="+0" y="+1080"/>
	<over x="+0" y="+1680"/>
	<down x="+0" y="+1080"/>
</button>
<button action="deck 2 hot_cue 1" rightclick="deck 2 set_cue 1" >
	<pos x="1754" y="229"/>
	<size width="47" height="30"/>
	<selected x="+0" y="+1080"/>
	<over x="+0" y="+1680"/>
	<down x="+0" y="+1079"/>
</button>
<button action="deck 2 hot_cue 2" rightclick="deck 2 set_cue 2" >
	<pos x="1800" y="229"/>
	<size width="48" height="30"/>
	<selected x="+0" y="+1080"/>
	<over x="+0" y="+1680"/>
	<down x="+0" y="+1079"/>
</button>
<button action="deck 2 hot_cue 3" rightclick="deck 2 set_cue 3" >
	<pos x="1847" y="229"/>
	<size width="47" height="30"/>
	<selected x="+0" y="+1080"/>
	<over x="+0" y="+1680"/>
	<down x="+0" y="+1079"/>
</button>



Pitch Deck B
-------------------------------------------------------------------
<slider action="deck 2 pitch" orientation="vertical" direction="down" dblclick="deck 2 pitch 100%" rightclick="temporary" >
	<size width="37" height="192"/>
	<pos x="1418" y="364"/>
	<fader>
		<size width="37" height="14"/>
		<pos x="114" y="3558"/>
	</fader>
	<reset value="50"/>
</slider>
<button action="deck 2 pitch_bend -5% 500ms" rightclick="deck 2 pitch_bend -5% 500ms">
	<pos x="1405" y="583"/>
 	 <size width="32" height="25"/>
  	<over x="+0" y="+1680"/>
 	 <down x="+0" y="+1080"/>
</button>
<button action="deck 2 pitch_bend +5% 500ms" rightclick="deck 2 pitch_bend +5% 500ms">
	<pos x="1438" y="583"/>
 	 <size width="32" height="25"/>
  	<over x="+0" y="+1680"/>
 	 <down x="+0" y="+1080"/>
</button>
--- Pitch Reset ---
<button action="deck 2 pitch_reset" dblclick="deck 2 pitch 100%" rightclick="deck 2 pitch 100%">
	<pos x="1459" y="450"/>
	<size width="19" height="18"/>
	<selected x="+0" y="+1080"/>
	<over x="+0" y="+1680"/>
	<down x="+0" y="+1080"/>
</button>
--- Pitch Lock ---
<button action="pitchlock" dblclick="reset" rightclick="reset">
	<pos x="1390" y="446"/>
	<size width="16" height="18"/>
	<selected x="+0" y="+1080"/>
	<over x="+0" y="+1680"/>
	<down x="+0" y="+1080"/>
</button>
--- Key Lock ---
<button action="deck 2 key_lock">
	<pos x="1460" y="319"/>
	<size width="16" height="18"/>
	<selected x="+0" y="+1080"/>
	<over x="+0" y="+1680"/>
	<down x="+0" y="+1080"/>
</button>
--- Pitch Range ---
<textzone>
	<size width="42" height="17"/>
	<pos x="1414" y="338"/>
	<text font="ARIAL GREEK" size="16" color="#999999" weight="bold" align="center" format="%pitchrange%%"/>
</textzone>
<button action="pitch_range" value="-1" rightclick="-2">
	<pos x="1414" y="338"/>
	<size width="37" height="17"/>
</button>


Loop In Out Deck B
-------------------------------------------------------------------
<button action="deck 2 loop_in" rightclick="deck 2 reloop">
	<pos x="1644" y="569"/>
	<size width="59" height="36"/>
	<over x="+0" y="+1680"/>
	<selected x="+0" y="+1080"/>
	<down x="+0" y="+1079"/>
</button>
<button action="deck 2 loop_out" rightclick="deck 2 loop_half">
	<pos x="1704" y="569"/>
	<size width="59" height="36"/>
	<over x="+0" y="+1680"/>
	<selected x="+0" y="+1080"/>
	<down x="+0" y="+1079"/>
</button>
--- Loop 50% ---
<button action="deck 2 loop_half" >
	<pos x="1564" y="520"/>
	<size width="32" height="25"/>
	<down x="+0" y="+1080"/>
	<over x="+0" y="+1680"/>
</button>
--- Loop 200% ---
<button action="deck 2 loop_double">
	<pos x="1798" y="520"/>
	<size width="32" height="25"/>
	<down x="+0" y="+1080"/>
	<over x="+0" y="+1680"/>
</button>
--- Smart Loop ---
<button action="deck 2 smart_loop">
	<pos x="1784" y="575"/>
	<size width="16" height="18"/>
	<selected x="+0" y="+1080"/>
	<over x="+0" y="+1680"/>
	<down x="+0" y="+1080"/>
</button>
--- Loop Shift ---
<slider action="deck 2 loop_move" relative="yes" orientation="round">
	<pos x="1589" y="568"/>
	<size width="34" height="34"/>
	<clipmask x="1164" y="3648"/>
	<up x="1111" y="3696" />
	<fader>
		<size width="34" height="34"/>
		<mask x="1207" y="3648" />
		<pos x="1111" y="3648" />
	</fader>
</slider>

--- Quick Loop --- 
<button action="deck 2 loop 1" rightclick="temporary">
	<pos x="1601" y="520"/>
	<size width="30" height="25"/>
	<selected x="+0" y="+1080"/>
	<over x="+0" y="+1680"/>
	<down x="+0" y="+1080"/>
</button>
<button action="deck 2 loop 2" rightclick="temporary">
	<pos x="1633" y="520"/>
	<size width="30" height="25"/>
	<selected x="+0" y="+1080"/>
	<over x="+0" y="+1680"/>
	<down x="+0" y="+1080"/>
</button>
<button action="deck 2 loop 4" rightclick="temporary">
	<pos x="1666" y="520"/>
	<size width="30" height="25"/>
	<selected x="+0" y="+1080"/>
	<over x="+0" y="+1680"/>
	<down x="+0" y="+1080"/>
</button>
<button action="deck 2 loop 8" rightclick="temporary">
	<pos x="1698" y="520"/>
	<size width="30" height="25"/>
	<selected x="+0" y="+1080"/>
	<over x="+0" y="+1680"/>
	<down x="+0" y="+1080"/>
</button>
<button action="deck 2 loop 16" rightclick="temporary">
	<pos x="1730" y="520"/>
	<size width="30" height="25"/>
	<selected x="+0" y="+1080"/>
	<over x="+0" y="+1680"/>
	<down x="+0" y="+1080"/>
</button>
<button action="deck 2 loop 32" rightclick="temporary">
	<pos x="1763" y="520"/>
	<size width="30" height="25"/>
	<selected x="+0" y="+1080"/>
	<over x="+0" y="+1680"/>
	<down x="+0" y="+1080"/>
</button>


SAMPLER DECK B
--------------------------------------------------------------------
<button action="deck 2 sampler play_stop" rightclick="temporary">
	<pos x="1729" y="365"/>
	<size width="124" height="28"/>
	<selected x="+0" y="+1080"/>
	<over x="+0" y="+1680"/>
	<up x="+0" y="+0"/>
	<down x="+0" y="+1080"/>
	<text dx="5" dy="4" width="91" font="ARIAL GREEK" size="18" color="#ffffff" align="center" format="%mainsample" scroll="yes"/>
</button>	
--- Sampler dropdown ---
<button action="deck 2 sampler select" rightclick="sampler options">
	<pos x="1828" y="365"/>
	<size width="25" height="28"/>
</button>
--- Sampler visual indicator ---
<visual chan="2" type="linear" source="deck 2 sampler position" orientation="horizontal">
	<pos x="1733" y="402"/>
	<size width="118" height="8"/>
	<down x="+0" y="+1080"/>
</visual>
--- Sampler Volume ---
<slider action="deck 2 sampler volume" orientation="round" dblclick="reset" rightclick="temporary">
	<pos x="1862" y="362"/>
	<size width="37" height="37"/>
	<clipmask x="1163" y="3647"/>
	<fader>
		<pos x="12" y="3647" nb="29" smooth="true"/>
	</fader>
</slider>
--- Sampler half double ---
<button action="deck 2 sampler loop 50%" rightclick="sampler loop on">
	<pos x="1752" y="416"/>
 	 <size width="32" height="26"/>
  	<over x="+0" y="+1680"/>
  	<down x="+0" y="+1079"/>
</button>
<button action="deck 2 sampler loop 200%" rightclick="sampler loop on">
	<pos x="1792" y="416"/>
 	 <size width="32" height="26"/>
  	<over x="+0" y="+1680"/>
  	<down x="+0" y="+1079"/>
</button>
--- Sampler record ---
<button action="deck 2 sampler rec">
	<pos x="1865" y="415"/>
	<size width="34" height="29"/>
	<selected x="+0" y="+1080"/>
	<over x="+0" y="+1680"/>
	<down x="+0" y="+1079"/>
</button>


EFFECTS DECK B 
--------------------------------------------------------------------

<button action="deck 2 effect active" rightclick="temporary">
	<pos x="1496" y="365"/>
	<size width="124" height="28"/>
	<selected x="+0" y="+1080"/>
	<over x="+0" y="+1680"/>
	<up x="+0" y="+0"/>
	<down x="+0" y="+1080"/>
	<text dx="5" dy="5" width="91" font="ARIAL GREEK" size="18" color="#ffffff" align="center" format="%maineffect" scroll="yes"/>
</button>
		
--- Effect dropdown ---
<button action="deck 2 effect select">
	<pos x="1594" y="365"/>
	<size width="28" height="28"/>
</button>

--- Effect params ---
<slider action="deck 2 effect slider 1" orientation="round">
	<pos x="1630" y="362"/>
	<size width="37" height="37"/>
	<clipmask x="1163" y="3647"/>
	<fader>
		<pos x="12" y="3647" nb="29" smooth="true"/>
	</fader>
</slider>
<slider action="deck 2 effect slider 2" orientation="round">
	<pos x="1669" y="362"/>
	<size width="37" height="37"/>
	<clipmask x="1163" y="3647"/>
	<fader>
		<pos x="12" y="3647" nb="29" smooth="true"/>
	</fader>
</slider>

--- Filter ---
<slider action="deck 2 filter" dblclick="deck 2 filter 50%" orientation="round">
	<pos x="1560" y="421"/>
	<size width="37" height="37"/>
	<clipmask x="1163" y="3647"/>
	<fader>
		<pos x="12" y="3647" nb="29" smooth="true"/>
	</fader>
</slider>

--- Key ---
<slider action="deck 2 key" dblclick="deck 2 key 0" orientation="round" rightclick="deck 2 match_key">
	<pos x="1650" y="421"/>
	<size width="37" height="37"/>
	<clipmask x="1163" y="3647"/>
	<fader>
		<pos x="12" y="3647" nb="29" smooth="true"/>
	</fader>
</slider>





************************************************************
 center PANNELS
************************************************************
<panel id="mixer" group="center_pannel" visible="yes">
	  <pos x="780" y="158"/>
	  <size width="360" height="462"/>
	  <down x="+0" y="+0"/>
</panel>
<panel id="video" group="center_pannel" visible="no">
	  <pos x="780" y="158"/>
	  <size width="360" height="462"/>
	  <down x="-480" y="+2520"/>
</panel>
<panel id="scratch" group="center_pannel" visible="no">
	  <pos x="780" y="158"/>
	  <size width="360" height="462"/>
	  <down x="+0" y="+1680"/>
</panel>


************************************************************
 center PANNEL SELECTORS
************************************************************
--- In Mixer ---
<button panel="mixer" action="skin_pannel 'mixer' on">
	<pos x="835" y="166"/>
	<size width="77" height="26"/>
	<selected x="+0" y="+1080"/>
	<over x="+0" y="1762"/>
	<up x="+0" y="+0"/>
</button>
<button panel="mixer" action="skin_pannel 'video' on">
	<pos x="920" y="166"/>
	<size width="77" height="26"/>
	<selected x="+0" y="+1080"/>
	<over x="+0" y="1762"/>
	<up x="+0" y="+0"/>
</button>
<button pannel="mixer" action="skin_pannel 'scratch' on">
	<pos x="1008" y="166"/>
	<size width="77" height="26"/>
	<selected x="+0" y="+1080"/>
	<over x="+0" y="1762"/>
	<up x="+0" y="+0"/>
</button>

--- In Video ---
<button panel="video" action="skin_pannel 'mixer' on">
	<pos x="835" y="166"/>
	<size width="77" height="26"/>
	<selected x="+0" y="2446"/>
	<over x="+0" y="2410"/>
	<up x="+0" y="1846"/>
</button>
<button panel="video" action="skin_pannel 'video' on">
	<pos x="920" y="166"/>
	<size width="77" height="26"/>
	<selected x="+0" y="2446"/>
	<over x="+0" y="2410"/>
	<up x="+0" y="1846"/>
</button>
<button panel="video" action="skin_pannel 'scratch' on">
	<pos x="1008" y="166"/>
	<size width="77" height="26"/>
	<selected x="+0" y="2446"/>
	<over x="+0" y="2410"/>
	<up x="+0" y="1846"/>
</button>
--- In Scratch ---
<button panel="scratch" action="skin_pannel 'mixer' on">
	<pos x="835" y="166"/>
	<size width="77" height="26"/>
	<selected x="+0" y="2446"/>
	<over x="+0" y="2410"/>
	<up x="+0" y="1846"/>
</button>
<button panel="scratch" action="skin_pannel 'video' on">
	<pos x="920" y="166"/>
	<size width="77" height="26"/>
	<selected x="+0" y="2446"/>
	<over x="+0" y="2410"/>
	<up x="+0" y="1846"/>
</button>
<button panel="scratch" action="skin_pannel 'scratch' on">
	<pos x="1008" y="166"/>
	<size width="77" height="26"/>
	<selected x="+0" y="2446"/>
	<over x="+0" y="2410"/>
	<up x="+0" y="1846"/>
</button>



--- Jogwheels---

<visual type="rotation" source="deck 1 get rotation">
	<size width="175" height="175"/>
	<pos x="484" y="359"/>
	<down x="1492" y="3131"/>
	<clipmask x="1192" y="2903"/>
	<mask x="1192" y="3131"/>
</visual>
<songpos deck="1" orientation="circle" waveform="no" >
	<circle/>
	<size width="198" height="198"/>
	<pos x="473" y="348"/>
	<volume x="+0" y="+1680"/>
	<selected x="+0" y="+1080"/>
	<clipmask x="1181" y="2664"/>
	<mousemask x="1181" y="2664"/>
</songpos>
<scratch deck="1">
	<size width="178" height="178"/>
	<pos x="482" y="358"/>
	<mousemask x="1190" y="2902"/>
</scratch>

<visual type="rotation" source="deck 2 get rotation">
	<size width="175" height="175"/>
	<pos x="1190" y="359"/>
	<down x="1492" y="3131"/>
	<clipmask x="1192" y="2903"/>
	<mask x="1192" y="3131"/>
</visual>
<songpos deck="2" orientation="circle" waveform="no" >
	<circle/>
	<size width="198" height="198"/>
	<pos x="1181" y="348"/>
	<volume x="+0" y="+1680"/>
	<selected x="+0" y="+1080"/>
	<clipmask x="1181" y="2664"/>
	<mousemask x="1181" y="2664"/>
</songpos>
<scratch deck="2">
	<size width="178" height="178"/>
	<pos x="1190" y="358"/>
	<mousemask x="1190" y="2902"/>
</scratch>


************************************************************
  AUDIO MIXER  
************************************************************
--- Gain  ---
<slider panel="mixer" action="deck 1 gain" orientation="round" dblclick="deck 1 gain 50%" rightclick="deck 1 match_gain">
	<pos x="852" y="224"/>
	<size width="37" height="37"/>
	<clipmask x="1163" y="3647"/>
	<fader>
		<pos x="12" y="3647" nb="29" smooth="true"/>
	</fader>
</slider>
<slider panel="mixer" action="deck 2 gain" orientation="round" dblclick="deck 2 gain 50%" rightclick="deck 2 match_gain">
	<pos x="1032" y="224"/>
	<size width="37" height="37"/>
	<clipmask x="1163" y="3647"/>
	<fader>
		<pos x="12" y="3647" nb="29" smooth="true"/>
	</fader>
</slider>


--- EQ  ---
<slider panel="mixer" action="deck 1 eq_high" orientation="round" dblclick="deck 1 eq_high 50%" rightclick="deck 1 eq_high 0% ? deck 1 eq_high 50% : deck 1 eq_high 0%">
	<pos x="852" y="300"/>
	<size width="37" height="37"/>
	<clipmask x="1163" y="3647"/>
	<fader>
		<pos x="12" y="3647" nb="29" smooth="true"/>
	</fader>
</slider>
<slider panel="mixer" action="deck 1 eq_mid" orientation="round" dblclick="deck 1 eq_mid 50%" rightclick="deck 1 eq_mid 0% ? deck 1 eq_mid 50% : deck 1 eq_mid 0%">
	<pos x="852" y="355"/>
	<size width="37" height="37"/>
	<clipmask x="1163" y="3647"/>
	<fader>
		<pos x="12" y="3647" nb="29" smooth="true"/>
	</fader>
</slider>
<slider panel="mixer" action="deck 1 eq_low" orientation="round" dblclick="deck 1 eq_low 50%" rightclick="deck 1 eq_low 0% ? deck 1 eq_low 50% : deck 1 eq_low 0%">
	<pos x="852" y="410"/>
	<size width="37" height="37"/>
	<clipmask x="1163" y="3647"/>
	<fader>
		<pos x="12" y="3647" nb="29" smooth="true"/>
	</fader>
</slider>

<slider panel="mixer" action="deck 2 eq_high" orientation="round" dblclick="deck 2 eq_high 50%" rightclick="deck 2 eq_high 0% ? deck 2 eq_high 50% : deck 2 eq_high 0%">
	<pos x="1032" y="300"/>
	<size width="37" height="37"/>
	<clipmask x="1163" y="3647"/>
	<fader>
		<pos x="12" y="3647" nb="29" smooth="true"/>
	</fader>
</slider>
<slider panel="mixer" action="deck 2 eq_mid" orientation="round" dblclick="deck 2 eq_mid 50%" rightclick="deck 2 eq_mid 0% ? deck 2 eq_mid 50% : deck 2 eq_mid 0%">
	<pos x="1032" y="355"/>
	<size width="37" height="37"/>
	<clipmask x="1163" y="3647"/>
	<fader>
		<pos x="12" y="3647" nb="29" smooth="true"/>
	</fader>
</slider>
<slider panel="mixer" action="deck 2 eq_low" orientation="round" dblclick="deck 2 eq_low 50%" rightclick="deck 2 eq_low 0% ? deck 2 eq_low 50% : deck 2 eq_low 0%">
	<pos x="1032" y="410"/>
	<size width="37" height="37"/>
	<clipmask x="1163" y="3647"/>
	<fader>
		<pos x="12" y="3647" nb="29" smooth="true"/>
	</fader>
</slider>

-- EQ Kill ---
<visual panel="mixer" source="deck 1 eq_kill_high" type="linear" orientation="horizontal">
	<pos x="856" y="287" />
	<size height="13" width="32" />
	<up x="+0" y="+0" />
	<down x="+0" y="+1080" />
	<selected x="+0" y="+1080" />
</visual>
<visual panel="mixer" source="deck 1 eq_kill_mid" type="linear" orientation="horizontal">
	<pos x="856" y="342" />
	<size height="13" width="32" />
	<up x="+0" y="+0" />
	<down x="+0" y="+1080" />
	<selected x="+0" y="+1080" />
</visual>
<visual panel="mixer" source="deck 1 eq_kill_low" type="linear" orientation="horizontal">
	<pos x="856" y="397" />
	<size height="13" width="32" />
	<up x="+0" y="+0" />
	<down x="+0" y="+1080" />
	<selected x="+0" y="+1080" />
</visual>

<visual panel="mixer" source="deck 2 eq_kill_high" type="linear" orientation="horizontal">
	<pos x="1036" y="287" />
	<size height="13" width="32" />
	<up x="+0" y="+0" />
	<down x="+0" y="+1080" />
	<selected x="+0" y="+1080" />
</visual>
<visual panel="mixer" source="deck 2 eq_kill_mid" type="linear" orientation="horizontal">
	<pos x="1036" y="342" />
	<size height="13" width="32" />
	<up x="+0" y="+0" />
	<down x="+0" y="+1080" />
	<selected x="+0" y="+1080" />
</visual>
<visual panel="mixer" source="deck 2 eq_kill_low" type="linear" orientation="horizontal">
	<pos x="1036" y="397" />
	<size height="13" width="32" />
	<up x="+0" y="+0" />
	<down x="+0" y="+1080" />
	<selected x="+0" y="+1080" />
</visual>

----------VU-METERS ------------------
<visual panel="mixer" chan="1" source="deck 1 get level_left" type="linear" orientation="vertical" direction="up">
	<size width="16" height="181"/>
	<pos x="800" y="284"/>
	<up x="+0" y="+0"/>
	<down x="+0" y="+1080"/>	
</visual>
<visual panel="mixer" chan="1" source="deck 1 get level_right" type="linear" orientation="vertical" direction="up">
	<size width="16" height="181"/>
	<pos x="816" y="284"/>
	<up x="+0" y="+0"/>
	<down x="+0" y="+1080"/>	
</visual>
<visual panel="mixer" chan="2" source="deck 2 get level_left" type="linear" orientation="vertical" direction="up">
	<size width="16" height="181"/>
	<pos x="1086" y="284"/>
	<up x="+0" y="+0"/>
	<down x="+0" y="+1080"/>	
</visual>
<visual panel="mixer" chan="2" source="deck 2 get level_right" type="linear" orientation="vertical" direction="up">
	<size width="16" height="181"/>
	<pos x="1102" y="284"/>
	<up x="+0" y="+0"/>
	<down x="+0" y="+1080"/>	
</visual>

------Prelisten deck A & B -------------
<button panel="mixer" action="deck 1 select">
	  <size width="40" height="36"/>
	  <pos x="796" y="490"/>
 	 <up x="+0" y="+0"/>
 	 <selected x="+0" y="+1080" />
  	 <down x="+0" y="+1079" />
	 <over x="+0" y="1630" />
</button>
<button panel="mixer" action="deck 2 select">
 	  <size width="40" height="36"/>
	  <pos x="1083" y="490"/>
 	 <up x="+0" y="+0"/>
 	 <selected x="+0" y="+1080" />
  	 <down x="+0" y="+1079" />
	 <over x="+0" y="1630" />
</button>

------Levels Sliders ------
<slider panel="mixer" action="deck 1 level" orientation="vertical" dblclick="reset" rightclick="temporary">
	<size width="46" height="133"/>
	<pos x="911" y="356"/>
	 <up x="+0" y="+0"/>
	 <selected x="+0" y="+1080"/>
	<fader>
		<size width="37" height="13"/>
		<pos x="116" y="3532"/>
	</fader>
</slider>
<slider panel="mixer" action="deck 2 level" orientation="vertical" dblclick="reset" rightclick="temporary">
	<size width="46" height="133"/>
	<pos x="962" y="356"/>
	 <up x="+0" y="+0"/>
	 <selected x="+0" y="+1080"/>
 	<fader>
		<size width="37" height="13"/>
		<pos x="116" y="3532"/>
	</fader>
</slider>

--- Crossfader ---
<slider panel="mixer" action="crossfader" orientation="horizontal" dblclick="crossfader 50%" rightclick="temporary">
	<pos x="868" y="550"/>
	<size width="187" height="52"/>
	<fader>
	 	 <pos x="79" y="3517"/>
		<size width="23" height="50"/>
	</fader>
</slider>


---- Microphone & Line In ---------------
<panel id="nomicmaster" panel="mixer" group="mastermic" visible="get hasmic ? off : on">
	<size width="113" height="127"/>
	<pos x="904" y="211"/>
	<up x="904" y="+0"/>
	<down x="904" y="+0"/>
</panel>
<panel id="micmaster" panel="mixer" group="mastermic" visible="get hasmic">
	<size width="113" height="127"/>
	<pos x="904" y="211"/>
	<up x="904" y="+1080"/>
	<down x="904" y="+1080"/>
</panel>

<panel id="noinput"  panel="mixer" group="input" visible="get hasinput ? off : on">
	<size width="38" height="70"/>
	<pos x="797" y="206"/>
	<up x="+0" y="+0"/>
	<down x="+0" y="+0"/>
</panel>
<pannel id="hasinput"  panel="mixer" group="input" visible="get hasinput">
	<size width="38" height="70"/>
	<pos x="797" y="206"/>
	<up x="+0" y="+1080"/>
	<down x="+0" y="+1080"/>
</pannel>

<panel id="noinput"  panel="mixer" group="input" visible="get hasinput ? off : on">
	<size width="40" height="67"/>
	<pos x="1084" y="206"/>
	<up x="+0" y="+0"/>
	<down x="+0" y="+0"/>
</panel>
<panel id="hasinput"  panel="mixer" group="input" visible="get hasinput">
	<size width="40" height="67"/>
	<pos x="1084" y="206"/>
	<up x="797" y="+1080"/>
	<down x="797" y="+1080"/>
</panel>


<button panel="hasinput" action="deck 1 linein" >
	<pos x="799" y="211"/>
	<size width="31" height="26"/>
 	 <up x="799" y="+1080"/>
  	<over x="1099" y="+1080"/>
 	 <selected x="1099" y="+1080"/>
  	<down x="1099" y="+1080"/>
</button>
<button panel="hasinput" action="deck 1 linein_rec" >
	<pos x="799" y="244"/>
	<size width="31" height="26"/>
 	 <up x="799" y="+1080"/>
  	<over x="1099" y="+1080"/>
 	 <selected x="1099" y="+1080"/>
  	<down x="1099" y="+1080"/>
</button>
<button panel="hasinput" action="deck 2 linein" >
	<pos x="1086" y="211"/>
	<size width="31" height="26"/>
 	 <up x="799" y="+1080"/>
  	<over x="1099" y="+1080"/>
 	 <selected x="1099" y="+1080"/>
  	<down x="1099" y="+1080"/>
</button>
<button panel="hasinput" action="deck 2 linein_rec" >
	<pos x="1086" y="244"/>
	<size width="31" height="26"/>
 	 <up x="799" y="+1080"/>
  	<over x="1099" y="+1080"/>
 	 <selected x="1099" y="+1080"/>
  	<down x="1099" y="+1080"/>
</button>

--- Master Volume ---
<slider panel="nomicmaster" action="master_volume" orientation="round" dblclick="master_volume 100%" rightclick="temporary">
	<pos x="941" y="223"/>
	<size width="37" height="37"/>
	<clipmask x="1163" y="3647"/>
	<fader>
		<pos x="12" y="3647" nb="29" smooth="true"/>
	</fader>
</slider>
<slider pannel="micmaster" action="master_volume" orientation="round" dblclick="master_volume 100%" rightclick="temporary">
	<pos x="916" y="223"/>
	<size width="37" height="37"/>
	<clipmask x="1163" y="3647"/>
	<fader>
		<pos x="12" y="3647" nb="29" smooth="true"/>
	</fader>
</slider>

--- Cue Volume ---
<slider pannel="nomicmaster" action="headphone_volume" orientation="round" dblclick="reset" rightclick="temporary">
	<pos x="941" y="286"/>
	<size width="37" height="37"/>
	<clipmask x="1163" y="3647"/>
	<fader>
		<pos x="12" y="3647" nb="29" smooth="true"/>
	</fader>
</slider>
<slider pannel="micmaster" action="headphone_volume" orientation="round" dblclick="reset" rightclick="temporary">
	<pos x="965" y="223"/>
	<size width="37" height="37"/>
	<clipmask x="1163" y="3647"/>
	<fader>
		<pos x="12" y="3647" nb="29" smooth="true"/>
	</fader>
</slider>

----Mic ----
<button pannel="micmaster" action="mic" visible="force" >
	<pos x="919" y="275"/>
	<size width="31" height="26"/>
 	 <up x="919" y="+1080"/>
  	<over x="1033" y="1291"/>
 	 <selected x="1033" y="1324"/>
  	<down x="1033" y="1324"/>
</button>
<slider pannel="micmaster" action="mic_volume" orientation="round">
	<pos x="965" y="269"/>
	<size width="37" height="37"/>
	<clipmask x="1163" y="3647"/>
	<fader>
		<pos x="12" y="3647" nb="29" smooth="true"/>
	</fader>
</slider>


************************************************************
  VIDEO MIXER  -400 +2100
************************************************************
<video panel="video" source="master">
 	 <pos x="794" y="205"/>
 	 <size width="334" height="178"/>
 	 <up x="314" y="2725"/>
</video>
<video panel="video" source="channel" chan="1">
 	 <pos x="794" y="391"/>
 	 <size width="163" height="94"/>
 	 <up x="314" y="2911"/>
</video>
<video panel="video" source="channel" chan="2">
 	 <pos x="965" y="391"/>
 	 <size width="163" height="94"/>
 	 <up x="485" y="2911"/>
</video>
--- Video activate on main --
<button panel="video" action="video on" rightclick="video">
  	 <pos x="794" y="205"/>
 	 <size width="334" height="178"/>
</button>
--- Video transition on previews --
<button panel="video" action="deck 1 video_transition" dblclick="video_crossfader 0%" rightclick="video_crossfader 0% while_pressed">
  	 <pos x="794" y="391"/>
 	 <size width="163" height="94"/>
</button>
<button panel="video" action="deck 2 video_transition" dblclick="video_crossfader 100%" rightclick="video_crossfader 100% while_pressed">
 	 <pos x="965" y="391"/>
 	 <size width="163" height="94"/>
</button>

-----Video FX & Video Transition ----
<button panel="video" action="video_transition" rightclick="temporary">
	<pos x="814" y="511"/>
	<size width="124" height="28"/>
	<selected x="334" y="3187"/>
	<over x="479" y="3187"/>
	<up x="334" y="3031"/>
	<down x="334" y="3187"/>
	<text dx="5" dy="5" width="91" font="ARIAL GREEK" size="18" color="#ffffff" align="center" format="%videotransition" scroll="yes"/>
</button>
<button panel="video" action="video_fx" rightclick="temporary">
	<pos x="959" y="511"/>
	<size width="124" height="28"/>
	<selected x="334" y="3187"/>
	<over x="479" y="3187"/>
	<up x="479" y="3031"/>
	<down x="334" y="3187"/>
	<text dx="5" dy="5" width="91" font="ARIAL GREEK" size="18" color="#ffffff" align="center" format="%videofx" scroll="yes"/>
</button>
<button panel="video" action="video_transition_select">
	<pos x="913" y="511"/>
	<size width="28" height="28"/>
</button>
<button panel="video" action="video_fx_select">
	<pos x="1058" y="511"/>
	<size width="28" height="28"/>
</button>

<slider panel="video" action="video_fx_slider" orientation="round">
	<pos x="1091" y="508"/>
	<size width="37" height="37"/>
	<clipmask x="1163" y="3647"/>
	<fader>
		<pos x="12" y="3647" nb="29" smooth="true"/>
	</fader>
</slider>

-----Video Auto Crossfader & Linked -----
<button panel="video" action="video_crossfader_auto">
	<pos x="800" y="581"/>
	<size width="14" height="19"/>
	<selected x="320" y="3257"/>
	<down x="320" y="3257" />
	<up x="320" y="3101" />
	<over x="623" y="3257" />
</button>
<button panel="video" action="video_crossfader_link">
	<pos x="1103" y="581"/>
	<size width="14" height="19"/>
	<selected x="320" y="3257"/>
	<down x="320" y="3257" />
	<up x="320" y="3101" />
	<over x="623" y="3257" />
</button>

----audio & video crossfaders ----
<panel id="crossfader_video" panel="video" group="crossfaders" visible="yes">
	<pos x="832" y="550"/>
	<size width="205" height="64"/>
	<down x="352" y="3070"/>
</panel>
<panel id="crossfader_audio" panel="video" group="crossfaders" visible="no">
	<pos x="832" y="550"/>
	<size width="205" height="64"/>
	<down x="352" y="3070"/>
</panel>
<button panel="crossfader_video" action="skin_pannel 'crossfader_audio' on">
	<pos x="904" y="550"/>
	<size width="114" height="13"/>
	<up x="424" y="3070"/>
	<over x="424" y="3226"/>
	<down x="424" y="3226"/>
</button>
<button panel="crossfader_audio" action="skin_pannel 'crossfader_video' on">
	<pos x="904" y="550"/>
	<size width="114" height="13"/>
	<up x="424" y="3247"/>
	<over x="424" y="3265"/>
	<down x="424" y="3265"/>
</button>

<slider panel="crossfader_video" action="video_crossfader" orientation="horizontal" dblclick="video_crossfader 50%" rightclick="video_crossfader while_pressed">
	<pos x="858" y="568"/>
	<size width="205" height="40"/>
	<up x="378" y="3088"/>
	<selected x="378" y="3088"/>
	<fader>
		  <pos x="42" y="3524"/>
	 	  <size width="22" height="34"/>
	</fader>
</slider>
<slider panel="crossfader_audio" action="crossfader" orientation="horizontal" dblclick="crossfader 50%" rightclick="crossfader while_pressed">
	<pos x="858" y="568"/>
	<size width="205" height="40"/>
	<up x="378" y="3088"/>
	<selected x="378" y="3088"/>
	<fader>
		<pos x="42" y="3484"/>
	 	  <size width="22" height="34"/>
	</fader>
</slider>


************************************************************
  SCRATCH MIXER  +1400
************************************************************
 <scratchwave panel="scratch" deck="1" orientation="vertical" length="2000">
 	 <pos x="796" y="205"/>
 	 <size width="90" height="403"/>
 	 <down x="+0" y="2485"/>
	  <up x="+0" y="1885"/>
 </scratchwave>
 
  <scratchwave panel="scratch" deck="2" orientation="vertical" length="2000">
 	 <pos x="1031" y="205"/>
 	 <size width="90" height="403"/>
 	 <down x="+0" y="2485"/>
	  <up x="+0" y="1885"/>
 </scratchwave>

--- Clone Decks -----
<button panel="scratch" action="deck 2 clone_deck" >
	<pos x="907" y="390"/>
	<size width="49" height="31"/>
	<down x="+0" y="2669"/>
	<over x="+0" y="3150"/>
	<up x="+0" y="2070"/>
</button>
<button panel="scratch" action="deck 1 clone_deck" >
	<pos x="956" y="390"/>
	<size width="49" height="31"/>
	<down x="+0" y="2669"/>
	<over x="+0" y="3150"/>
	<up x="+0" y="2070"/>
</button>

--- Gain  ---
<slider panel="scratch" action="deck 1 gain" orientation="round" dblclick="deck 1 gain 50%" rightclick="deck 1 match_gain">
	<pos x="913" y="232"/>
	<size width="37" height="37"/>
	<clipmask x="1163" y="3647"/>
	<fader>
		<pos x="12" y="3647" nb="29" smooth="true"/>
	</fader>
</slider>
<slider panel="scratch" action="deck 2 gain" orientation="round" dblclick="deck 2 gain 50%" rightclick="deck 2 match_gain">
	<pos x="959" y="232"/>
	<size width="37" height="37"/>
	<clipmask x="1163" y="3647"/>
	<fader>
		<pos x="12" y="3647" nb="29" smooth="true"/>
	</fader>
</slider>

--- Timecode Mode -----
<button panel="scratch" action="deck 1 timecode_mode smart & deck 2 timecode_mode smart">
	<pos x="906" y="314"/>
	<size width="34" height="24"/>
	<selected x="+0" y="2594"/>
	<over x="+0" y="3074"/>
	<up x="+0" y="1994"/>
</button>
<button panel="scratch" action="deck 1 timecode_mode relative & deck 2 timecode_mode relative">
	<pos x="940" y="314"/>
	<size width="34" height="24"/>
	<selected x="+0" y="2594"/>
	<over x="+0" y="3074"/>
	<up x="+0" y="1994"/>
</button>
<button panel="scratch" action="deck 1 timecode_mode absolute & deck 2 timecode_mode absolute">
	<pos x="973" y="314"/>
	<size width="34" height="24"/>
	<selected x="+0" y="2594"/>
	<over x="+0" y="3074"/>
	<up x="+0" y="1994"/>
</button>

--- Active Timecode ---
<button panel="scratch" action="deck 1 timecode_active">
	<pos x="916" y="466" />
	<size width="29" height="26" />
	<selected x="+0" y="2746" />
	<down x="+0" y="2746" />
	<up x="+0" y="2146" />
	<over x="+0" y="3226" />
</button>
<button panel="scratch" action="deck 2 timecode_active">
	<pos x="916" y="527" />
	<size width="29" height="26" />
	<selected x="+0" y="2807" />
	<down x="+0" y="2807" />
	<up x="+0" y="2207" />
	<over x="+0" y="3287" />
</button>

----- Timecode Quality ------
<visual panel="scratch" type="linear" source="deck 1 get timecode_quality" orientation="horizontal" direction="up">
	<size width="42" height="17" />
	<pos x="952" y="469" />
	<down x="+0" y="2749" />
	<up x="+0" y="2149" />
</visual>
<visual panel="scratch" type="linear" source="deck 2 get timecode_quality" orientation="horizontal" direction="up">
	<size width="42" height="17" />
	<pos x="952" y="530" />
	<down x="+0" y="2810" />
	<up x="+0" y="2210" />
</visual>

----- Beatlock and SmartScratch
<button panel="scratch" action="deck 1 smart_scratch">
	<pos x="902" y="564"/>
	<size width="14" height="17"/>
	<selected x="902" y="2849"/>
	<up x="902" y="2244"/>
	<over x="994" y="2849"/>
	<down x="902" y="2849"/>
</button>
<button panel="scratch" action="deck 1 beatlock">
	<pos x="902" y="583"/>
	<size width="14" height="17"/>
	<selected x="902" y="2849"/>
	<up x="902" y="2244"/>
	<over x="994" y="2849"/>
	<down x="902" y="2849"/>
</button>
<button panel="scratch" action="deck 2 smart_scratch">
	<pos x="994" y="564"/>
	<size width="14" height="17"/>
	<selected x="902" y="2849"/>
	<up x="902" y="2244"/>
	<over x="994" y="2849"/>
	<down x="902" y="2849"/>
</button>
<button panel="scratch" action="deck 2 beatlock">
	<pos x="994" y="583"/>
	<size width="14" height="17"/>
	<selected x="902" y="2849"/>
	<up x="902" y="2244"/>
	<over x="994" y="2849"/>
	<down x="902" y="2849"/>
</button>


</Skin>





